Приложение 3. Часть 1;;;;;;;;;;;;;;;;;;;;;;;Приложение 3. Часть 2;;;;;;;;;;;;;;;;;;
Сводная таблица результатов лабораторных;;;;;;;;;;;;;;;;;;;;;;;исследований физико-механических свойств грунтов;;;;;;;;;;;;;;;;;;
№ образца;№ г/в;ИГЭ №;Интервал отбора образца, м (по глубине);;Гранулометрический состав,% (диаметр частиц в мм);;;;;;;;;;;Плотность, г/см^3;;;;Природная влажность, д.е.;Влажность на границах, д.е.;;Коэф. фильтрации, м/сутки;;;Содержание карбонатов, %;Коэффициент выветрелости, д.е.;Коэффициент истираемости, д.е.;Степень растворимости в воде, г/л;Степень засолености (кол-во воднорастворимых солей), %;Относительное содержание органического вещества, д.е.;Степень разложения (торфы), %;Степень зольности (торфы), д.е.;Водопоглощение, д.е.;Предел прочности на одноосное сжатие, МПа;;;Угол естественного откоса, ^о;;Номенклатурный вид грунта (ГОСТ 25100);Примечание
;;;;;Галька (щебень);Гравий (дресва);;Песчаные;;;;;Пылева-тые;;Глинистые;Плотность грунта;Плотность частиц грунта;Плотность грунта в макс. рыхл. сост;Плотность грунта в макс. плот. сост.;;Раскатывания;Текучести;Грунта естественного сложения;Рыхлого грунта;Уплотненного грунта;;;;;;;;;;Природной влажности;В воздушно-сухом состоянии;В водонасыщенном состоянии;В воздушно-сухом состоянии;Под водой;;
;;;;;>10;43595,00;43501,00;43467,00;1-0.5;0.5-0.25;0.25-0.1;0.1-0.05;0.05-0.01;0.01-0.005;<0.005;;;;;;;;;;;;;;;;;;;;;;;;;;
1,00;1,00;Текст;1,00;1,00;1,00;1,00;3,00;1,00;1,00;1,00;1,00;1,00;1,00;1,00;1,00;1,00;1,00;1,00;1,00;1,00;1,00;1,00;1,00;1,00;1,00;1,00;1,00;1,00;1,00;1,00;1,00;1,00;1,00;1,00;1,00;1,00;1,00;1,00;1,00;Текст;Текст
1,00;2,00;3,00;4,00;5,00;6,00;7,00;3,00;9,00;10,00;11,00;12,00;13,00;14,00;15,00;16,00;17,00;18,00;19,00;20,00;21,00;22,00;23,00;24,00;25,00;26,00;27,00;28,00;29,00;30,00;31,00;32,00;33,00;34,00;35,00;36,00;37,00;38,00;39,00;40,00;41,00;42,00
59377,00;1,00;2,00;0,80;1,00;-;-;3,00;-;-;-;-;-;-;-;-;1,89;2,74;-;-;0,23;0,22;0,43;-;-;-;-;-;-;-;-;-;-;-;-;-;-;-;-;-;Глина легкая полутвердая;
59379,00;1,00;4,00;4,80;5,00;-;-;3,00;-;-;-;-;-;-;-;-;2,12;2,72;-;-;0,13;0,14;0,30;-;-;-;-;-;-;-;-;-;-;-;-;-;-;-;-;-;Суглинок тяжелый твердый;
59380,00;1,00;6,00;6,80;7,00;0,00;0,00;3,00;0,00;1,70;41,70;53,80;(;(;(;2,80;-;2,66;1,52;1,71;0,04;-;-;-;13,24;7,57;-;-;-;-;-;-;-;-;-;-;-;-;-;-;Песок мелкий однородный;
59383,00;1,00;7,00;12,80;13,00;0,00;0,00;3,00;0,00;0,00;0,50;18,10;(;(;(;81,40;1,86;2,67;1,33;1,54;0,25;-;-;-;0,94;0,35;-;-;-;-;-;-;-;-;-;-;-;-;-;-;Песок пылеватый средней плотности неоднородный  насыщенный водой;
59385,00;1,00;7,00;16,80;17,00;0,00;0,00;3,00;0,10;0,10;1,30;25,30;(;(;(;73,00;-;2,67;1,23;1,46;0,29;-;-;-;0,32;-;-;-;-;-;-;-;-;-;-;-;-;-;-;-;Песок пылеватый неоднородный;
59387,00;1,00;7,00;20,80;21,00;0,00;0,00;0,70;0,90;2,00;16,20;55,00;(;(;(;25,20;-;2,67;-;-;0,26;-;-;-;-;-;-;-;-;-;-;-;-;-;-;-;-;-;-;-;Песок пылеватый неоднородный;
59389,00;1,00;6,00;24,80;25,00;0,00;0,10;0,40;0,40;3,70;23,80;55,60;(;(;(;16,00;-;2,66;-;-;0,25;-;-;-;-;-;-;-;-;-;-;-;-;-;-;-;-;-;-;-;Песок мелкий неоднородный;
59391,00;1,00;6,00;28,80;29,00;0,00;0,00;3,00;0,40;3,50;22,50;57,10;(;(;(;16,20;-;2,66;-;-;0,27;-;-;-;-;-;-;-;-;-;-;-;-;-;-;-;-;-;-;-;Песок мелкий неоднородный;
59392,00;2,00;1,00;0,80;1,00;-;-;3,00;-;-;-;-;-;-;-;-;1,91;2,71;-;-;0,26;0,17;0,36;-;-;-;-;-;-;-;-;-;-;-;-;-;-;-;-;-;Глина легкая тугопластичная;
59393,00;2,00;4,00;2,80;3,00;-;-;3,00;-;-;-;-;-;-;-;-;2,10;2,70;-;-;0,16;0,14;0,26;-;-;-;-;-;-;-;-;-;-;-;-;-;-;-;-;-;Суглинок легкий полутвердый;
59394,00;2,00;4,00;4,80;5,00;-;-;3,00;-;-;-;-;-;-;-;-;2,14;2,71;-;-;0,14;0,14;0,30;-;-;-;-;-;-;-;-;-;-;-;-;-;-;-;-;-;Суглинок тяжелый полутвердый;
59396,00;2,00;6,00;8,80;9,00;0,00;0,00;3,00;0,30;8,70;39,50;46,70;(;(;(;4,80;-;2,66;1,60;1,81;0,03;-;-;-;10,07;4,54;-;-;-;-;-;-;-;-;-;-;-;-;37,00;34,00;Песок мелкий однородный;
59398,00;2,00;6,00;12,80;13,00;0,00;0,50;3,00;0,10;0,20;25,10;55,30;(;(;(;18,50;-;2,66;-;-;0,12;-;-;-;-;-;-;-;-;-;-;-;-;-;-;-;-;-;37,00;33,00;Песок мелкий однородный;
59400,00;2,00;7,00;16,80;17,00;0,00;0,00;3,00;0,10;0,00;0,30;14,40;(;(;(;85,00;-;2,67;-;-;0,25;-;-;-;-;-;-;-;-;-;-;-;-;-;-;-;-;-;43,00;34,00;Песок пылеватый однородный;
59402,00;2,00;7,00;20,80;21,00;0,00;0,90;3,00;0,50;0,30;12,40;56,80;(;(;(;28,50;-;2,67;-;-;0,22;-;-;-;-;-;-;-;-;-;-;-;-;-;-;-;-;-;-;-;Песок пылеватый однородный;
59404,00;2,00;7,00;24,80;25,00;0,00;0,00;3,00;0,30;3,10;22,90;60,70;(;(;(;12,60;-;2,66;-;-;0,24;-;-;-;-;-;-;-;-;-;-;-;-;-;-;-;-;-;-;-;Песок мелкий однородный;
59406,00;2,00;7,00;28,80;29,00;0,00;0,00;3,00;0,20;2,60;15,20;68,70;(;(;(;13,10;-;2,66;-;-;0,24;-;-;-;-;-;-;-;-;-;-;-;-;-;-;-;-;-;-;-;Песок мелкий однородный;
59407,00;3,00;2,00;0,80;1,00;-;-;7,00;-;-;-;-;-;-;-;-;1,87;2,74;-;-;0,20;0,20;0,41;-;-;-;-;-;-;-;-;-;-;-;-;-;-;-;-;-;Глина легкая полутвердая;
59408,00;3,00;4,00;2,80;3,00;-;-;87,00;-;-;-;-;-;-;-;-;2,04;2,72;-;-;0,14;0,13;0,25;-;-;-;-;-;-;-;-;-;-;-;-;-;-;-;-;-;Суглинок легкий полутвердый;
59409,00;3,00;4,00;4,80;5,00;-;-;87,00;-;-;-;-;-;-;-;-;2,00;2,72;-;-;0,14;0,15;0,29;-;-;-;-;-;-;-;-;-;-;-;-;-;-;-;-;-;Суглинок тяжелый твердый;
59411,00;3,00;6,00;8,80;9,00;0,00;0,00;87,00;0,10;3,10;34,70;52,40;(;(;(;9,70;-;2,66;1,48;-;0,04;-;-;-;9,53;-;-;-;-;-;-;-;-;-;-;-;-;-;-;-;Песок мелкий однородный;
59413,00;3,00;7,00;12,80;13,00;0,00;0,00;0,00;0,00;0,10;4,80;40,20;(;(;(;54,90;-;2,67;-;-;0,21;-;-;-;-;-;-;-;-;-;-;-;-;-;-;-;-;-;-;-;Песок пылеватый неоднородный;
59415,00;3,00;7,00;16,80;17,00;0,00;0,00;87,00;0,10;0,10;1,50;26,40;(;(;(;71,70;-;2,68;-;-;0,29;0,19;0,23;-;-;-;-;-;-;-;-;-;-;-;-;-;-;-;-;-;Супесь песчанистая текучая;
59417,00;3,00;7,00;20,80;21,00;0,00;0,00;87,00;0,80;1,20;16,20;55,70;(;(;(;25,40;-;2,68;1,30;-;0,25;0,16;0,21;-;1,14;-;-;-;-;-;-;-;-;-;-;-;-;-;-;-;Супесь песчанистая текучая;
59419,00;3,00;6,00;24,80;25,00;0,00;0,00;87,00;0,40;4,00;24,00;54,90;(;(;(;16,30;-;2,66;-;-;0,23;-;-;-;-;-;-;-;-;-;-;-;-;-;-;-;-;-;-;-;Песок мелкий неоднородный;
59421,00;3,00;6,00;28,80;29,00;0,00;0,60;0,30;0,50;3,50;22,40;55,90;(;(;(;16,80;-;2,66;-;-;0,26;-;-;-;-;-;-;-;-;-;-;-;-;-;-;-;-;-;-;-;Песок мелкий неоднородный;
59422,00;5,00;2,00;0,80;1,00;-;-;87,00;-;-;-;-;-;-;-;-;2,09;2,72;-;-;0,16;0,14;0,28;-;-;-;-;-;-;-;-;-;-;-;-;-;-;-;-;-;Суглинок тяжелый полутвердый среднедеформируемый;
59423,00;5,00;5,00;2,80;3,00;-;-;87,00;-;-;-;-;-;-;-;-;1,92;2,72;-;-;0,17;0,13;0,27;-;-;-;-;-;-;-;-;-;-;-;-;-;-;-;-;-;Суглинок тяжелый тугопластичный;
59424,00;5,00;5,00;4,80;5,00;-;-;5,00;-;-;-;-;-;-;-;-;1,95;2,71;-;-;0,16;0,12;0,24;-;-;-;-;-;-;-;-;-;-;-;-;-;-;-;-;-;Суглинок легкий тугопластичный среднедеформируемый;
59437,00;6,00;2,00;0,80;1,00;-;-;5,00;-;-;-;-;-;-;-;-;2,14;2,71;-;-;0,15;0,12;0,23;-;-;-;-;-;-;-;-;-;-;-;-;-;-;-;-;-;Суглинок легкий полутвердый;
59439,00;6,00;5,00;4,80;5,00;-;-;5,00;-;-;-;-;-;-;-;-;1,91;2,72;-;-;0,17;0,12;0,26;-;-;-;-;-;-;-;-;-;-;-;-;-;-;-;-;-;Суглинок тяжелый тугопластичный;
59456,00;10,00;7,00;8,80;9,00;0,00;0,00;5,00;0,20;0,50;13,90;49,80;(;(;(;35,00;-;2,66;-;-;0,25;-;-;-;-;-;-;-;-;-;-;-;-;-;-;-;-;-;-;-;Песок пылеватый неоднородный;
59471,00;12,00;7,00;8,80;9,00;0,00;0,00;5,00;0,10;0,20;1,20;66,10;(;(;(;32,10;-;2,66;-;-;0,24;-;-;-;-;-;-;-;-;-;-;-;-;-;-;-;-;-;-;-;Песок пылеватый неоднородный;
58293,00;14,00;5,00;2,80;3,00;-;-;5,00;-;-;-;-;-;-;-;-;2,02;2,70;-;-;0,20;0,17;0,24;-;-;-;-;-;-;-;-;-;-;-;-;-;-;-;-;-;Супесь пластичная среднедеформируемый;
58294,00;14,00;5,00;4,80;5,00;-;-;5,00;-;-;-;-;-;-;-;-;-;2,72;-;-;0,20;0,13;0,26;-;-;-;-;-;-;-;-;-;-;-;-;-;-;-;-;-;Суглинок тяжелый мягкопластичный;
58297,00;14,00;7,00;10,80;11,00;0,00;0,00;5,00;0,30;3,50;8,90;46,80;(;(;(;40,40;-;2,66;1,42;1,61;0,04;-;-;-;1,30;0,68;-;-;-;-;-;-;-;-;-;-;-;-;32,00;29,00;Песок пылеватый неоднородный;
58503,00;15,00;1,00;0,80;1,00;-;-;5,00;-;-;-;-;-;-;-;-;1,87;2,72;-;-;0,18;0,17;0,31;-;-;-;-;-;-;-;-;-;-;-;-;-;-;-;-;-;Суглинок тяжелый полутвердый;
58504,00;15,00;5,00;2,80;3,00;-;-;5,00;-;-;-;-;-;-;-;-;1,95;2,68;-;-;0,20;0,18;0,23;-;-;-;-;-;-;-;-;-;-;-;-;-;-;-;-;-;Супесь пластичная;
58506,00;15,00;6,00;6,80;7,00;0,00;0,90;5,00;0,50;0,70;24,40;55,90;(;(;(;16,70;1,78;2,66;-;-;0,09;-;-;-;-;-;-;-;-;-;-;-;-;-;-;-;-;-;-;-;Песок мелкий средней плотности неоднородный малой степени водонасыщения;
58510,00;15,00;7,00;14,80;15,00;0,00;0,00;5,00;0,00;0,20;10,30;49,40;(;(;(;40,10;-;2,66;-;-;0,19;-;-;-;-;-;-;-;-;-;-;-;-;-;-;-;-;-;-;-;Песок пылеватый неоднородный;
58514,00;15,00;6,00;22,80;23,00;0,00;0,00;5,00;0,70;4,40;22,90;45,60;(;(;(;26,10;-;2,66;-;-;0,26;-;-;-;-;-;-;-;-;-;-;-;-;-;-;-;-;-;-;-;Песок пылеватый неоднородный;
58518,00;20,00;2,00;0,80;1,00;-;-;-;-;-;-;-;-;-;-;-;2,11;2,72;-;-;0,14;0,12;0,25;-;-;-;-;-;-;-;-;-;-;-;-;-;-;-;-;-;Суглинок тяжелый полутвердый среднедеформируемый;
58519,00;20,00;5,00;2,80;3,00;-;-;5,00;-;-;-;-;-;-;-;-;2,03;2,70;-;-;0,16;0,14;0,21;-;-;-;-;-;-;-;-;-;-;-;-;-;-;-;-;-;Супесь пластичная среднедеформируемый;
58520,00;20,00;5,00;4,80;5,00;-;-;5,00;-;-;-;-;-;-;-;-;1,89;2,71;-;-;0,18;0,14;0,27;-;-;-;-;-;-;-;-;-;-;-;-;-;-;-;-;-;Суглинок тяжелый тугопластичный;
58534,00;21,00;4,00;2,80;3,00;-;-;5,00;-;-;-;-;-;-;-;-;1,93;2,70;-;-;0,19;0,16;0,27;-;-;-;-;-;-;-;-;-;-;-;-;-;-;-;-;-;Суглинок легкий тугопластичный среднедеформируемый;
58535,00;21,00;5,00;4,80;5,00;-;-;5,00;-;-;-;-;-;-;-;-;1,99;2,72;-;-;0,16;0,12;0,26;-;-;-;-;-;-;-;-;-;-;-;-;-;-;-;-;-;Суглинок тяжелый тугопластичный;
58539,00;21,00;6,00;12,80;13,00;0,00;0,00;5,00;0,20;0,90;31,70;48,10;(;(;(;19,10;-;2,66;-;-;0,05;-;-;-;-;-;-;-;-;-;-;-;-;-;-;-;-;-;-;-;Песок мелкий неоднородный;
58543,00;21,00;7,00;20,80;21,00;0,00;0,00;5,00;0,10;0,10;4,50;42,20;(;(;(;52,90;-;2,67;-;-;0,27;-;-;-;-;-;-;-;-;-;-;-;-;-;-;-;-;-;-;-;Песок пылеватый однородный;
58545,00;21,00;6,00;24,80;25,00;0,00;0,00;5,00;0,50;8,40;38,50;32,80;(;(;(;19,70;-;2,66;-;-;0,25;-;-;-;-;-;-;-;-;-;-;-;-;-;-;-;-;-;-;-;Песок мелкий неоднородный;
58547,00;21,00;6,00;28,80;29,00;0,00;0,20;5,00;0,20;1,00;5,80;69,10;(;(;(;23,60;-;2,66;-;-;0,28;-;-;-;-;-;-;-;-;-;-;-;-;-;-;-;-;-;-;-;Песок мелкий однородный;
59497,00;27,00;2,00;0,80;1,00;-;-;5,00;-;-;-;-;-;-;-;-;2,16;2,71;-;-;0,13;0,11;0,20;-;-;-;-;-;-;-;-;-;-;-;-;-;-;-;-;-;Суглинок легкий полутвердый среднедеформируемый;
58223,00;30,00;6,00;8,00;8,20;0,00;0,00;5,00;0,40;0,40;1,40;83,30;(;(;(;13,70;-;2,66;1,53;1,69;0,17;-;-;-;3,89;1,95;-;-;-;-;-;-;-;-;-;-;-;-;32,00;30,00;Песок мелкий однородный;
58224,00;30,00;7,00;10,00;10,20;0,00;0,00;5,00;0,10;0,60;3,00;37,20;(;(;(;59,10;-;2,67;-;-;0,04;-;-;-;-;-;0,00;-;-;-;-;-;-;-;-;-;-;-;-;-;Песок пылеватый неоднородный;
58226,00;30,00;6,00;13,80;14,00;0,00;0,00;5,00;0,20;6,30;29,10;59,40;(;(;(;5,00;-;2,66;1,53;1,69;0,03;-;-;-;9,41;5,81;0,00;-;-;-;-;-;-;-;-;-;-;-;31,00;27,00;Песок мелкий однородный;
58228,00;30,00;6,00;17,80;18,00;0,00;0,00;5,00;0,10;0,20;48,80;31,90;(;(;(;18,50;-;2,66;-;-;0,15;-;-;-;-;-;0,00;-;-;-;-;-;-;-;-;-;-;-;-;-;Песок мелкий неоднородный;
58231,00;30,00;7,00;23,80;24,00;-;-;5,00;-;-;-;-;-;-;-;-;1,93;2,68;-;-;0,23;0,19;0,25;-;-;-;-;-;-;-;-;-;-;-;-;-;-;-;-;-;Супесь пластичная;
58233,00;30,00;6,00;28,80;29,00;0,00;0,00;5,00;0,90;10,60;39,10;34,40;(;(;(;14,80;-;2,66;-;-;0,21;-;-;-;-;-;-;-;-;-;-;-;-;-;-;-;-;-;-;-;Песок средней крупностинеоднородный;
58307,00;34,00;2,00;0,80;1,00;-;-;5,00;-;-;-;-;-;-;-;-;1,99;2,72;-;-;0,24;0,20;0,37;-;-;-;-;-;-;-;-;-;-;-;-;-;-;-;-;-;Суглинок тяжелый полутвердый;
58308,00;34,00;2,00;2,80;3,00;-;-;5,00;-;-;-;-;-;-;-;-;2,01;2,72;-;-;0,20;0,16;0,27;-;-;-;-;-;-;-;-;-;-;-;-;-;-;-;-;-;Суглинок легкий тугопластичный среднедеформируемый;
58309,00;34,00;5,00;4,80;5,00;-;-;5,00;-;-;-;-;-;-;-;-;2,00;2,71;-;-;0,20;0,18;0,26;-;-;-;-;-;-;-;-;-;-;-;-;-;-;-;-;-;Суглинок легкий полутвердый среднедеформируемый;
58310,00;34,00;5,00;6,80;7,00;-;-;5,00;-;-;-;-;-;-;-;-;2,05;2,71;-;-;0,13;0,11;0,20;-;-;-;-;-;-;-;-;-;-;-;-;-;-;-;-;-;Суглинок легкий полутвердый;
58311,00;34,00;6,00;8,80;9,00;0,00;0,00;5,00;0,00;0,00;7,90;82,10;(;(;(;10,00;-;2,66;-;-;0,03;-;-;-;-;-;-;-;-;-;-;-;-;-;-;-;-;-;-;-;Песок мелкий однородный;
58313,00;34,00;7,00;12,80;13,00;0,00;0,00;5,00;0,10;0,30;1,40;31,60;(;(;(;66,60;-;2,67;-;-;0,14;-;-;-;-;-;-;-;-;-;-;-;-;-;-;-;-;-;-;-;Песок пылеватый неоднородный;
58314,00;34,00;6,00;14,80;15,00;0,00;0,00;5,00;0,10;0,40;19,80;66,50;(;(;(;13,10;-;2,66;-;-;0,19;-;-;-;-;-;-;-;-;-;-;-;-;-;-;-;-;-;-;-;Песок мелкий однородный;
58316,00;34,00;7,00;18,80;19,00;-;-;5,00;-;-;-;-;-;-;-;-;1,93;2,71;-;-;0,31;0,18;0,27;-;-;-;-;-;-;-;-;-;-;-;-;-;-;-;-;-;Суглинок легкий текучая;
58318,00;34,00;6,00;22,80;23,00;0,00;0,00;5,00;0,20;1,40;11,70;72,70;(;(;(;13,90;-;2,66;-;-;-;-;-;-;-;-;-;-;-;-;-;-;-;-;-;-;-;-;-;-;Песок мелкий однородный;
58321,00;34,00;6,00;28,80;29,00;0,00;0,00;5,00;0,20;1,10;7,50;74,10;(;(;(;16,70;-;2,66;-;-;0,25;-;-;-;-;-;-;-;-;-;-;-;-;-;-;-;-;-;-;-;Песок мелкий однородный;
58249,00;35,00;4,00;1,80;2,00;-;-;5,00;-;-;-;-;-;-;-;-;2,08;2,72;-;-;0,15;0,14;0,25;-;-;-;-;-;-;-;-;-;-;-;-;-;-;-;-;-;Суглинок легкий полутвердый среднедеформируемый;
58250,00;35,00;4,00;3,60;3,80;-;-;5,00;-;-;-;-;-;-;-;-;2,04;2,71;-;-;0,17;0,16;0,25;-;-;-;-;-;-;-;-;-;-;-;-;-;-;-;-;-;Суглинок легкий полутвердый среднедеформируемый незасоленый;
58251,00;35,00;6,00;5,80;6,00;0,00;0,80;5,00;0,20;0,40;28,80;60,60;(;(;(;8,30;-;2,66;1,48;1,71;0,05;-;-;-;5,63;2,92;0,00;-;-;-;-;-;-;-;-;-;-;-;33,00;30,00;Песок мелкий однородный;
58253,00;35,00;6,00;9,80;10,00;0,00;0,00;5,00;0,10;3,00;13,10;64,60;(;(;(;19,20;-;2,66;-;-;0,03;-;-;-;-;-;0,00;-;-;-;-;-;-;-;-;-;-;-;-;-;Песок мелкий неоднородный;
58255,00;35,00;6,00;13,80;14,00;0,00;0,00;5,00;0,30;0,20;38,60;50,40;(;(;(;10,30;-;2,66;-;-;0,20;-;-;-;-;-;-;-;-;-;-;-;-;-;-;-;-;-;-;-;Песок мелкий однородный;
58259,00;35,00;7,00;21,80;22,00;-;-;5,00;-;-;-;-;-;-;-;-;-;2,68;-;-;0,23;0,14;0,20;-;-;-;-;-;-;-;-;-;-;-;-;-;-;-;-;-;Супесь текучая;
58262,00;35,00;6,00;28,80;29,00;0,00;0,00;5,00;0,10;1,20;8,40;73,20;(;(;(;16,80;-;2,66;-;-;0,26;-;-;-;-;-;-;-;-;-;-;-;-;-;-;-;-;-;-;-;Песок мелкий неоднородный;
58549,00;41,00;3,00;2,80;3,00;0,00;0,00;5,00;0,30;3,50;22,10;60,00;(;(;(;14,10;-;2,66;-;-;0,14;-;-;-;-;-;-;-;-;-;-;-;-;-;-;-;-;-;-;-;Песок мелкий однородный;
58550,00;41,00;4,00;4,80;5,00;-;-;5,00;-;-;-;-;-;-;-;-;1,98;2,74;-;-;0,17;0,20;0,42;-;-;-;-;-;-;-;-;-;-;-;-;-;-;-;-;-;Глина легкая твердая ненабухающая;
58553,00;41,00;4,00;10,80;11,00;-;-;5,00;-;-;-;-;-;-;-;-;2,04;2,72;-;-;0,11;0,12;0,23;-;-;-;-;-;-;-;-;-;-;-;-;-;-;-;-;-;Суглинок легкий твердый ненабухающий;
58555,00;41,00;6,00;14,80;15,00;0,00;0,00;5,00;0,10;8,20;53,30;32,90;(;(;(;5,50;-;2,66;-;-;0,02;-;-;-;-;-;-;-;-;-;-;-;-;-;-;-;-;-;-;-;Песок средней крупностиоднородный;
59512,00;42,00;3,00;1,80;1,90;0,00;0,00;5,00;0,70;1,60;8,40;82,20;(;(;(;6,70;-;2,66;-;-;0,11;-;-;-;-;-;-;-;-;-;-;-;-;-;-;-;-;-;-;-;Песок мелкий однородный;
59513,00;42,00;3,00;2,80;3,00;0,00;0,00;5,00;0,00;1,00;18,80;62,20;(;(;(;18,00;-;2,66;-;-;0,11;-;-;-;-;-;-;-;-;-;-;-;-;-;-;-;-;-;-;-;Песок мелкий неоднородный;
59515,00;42,00;3,00;3,80;4,00;0,00;0,00;5,00;0,70;1,60;8,40;82,20;(;(;(;6,70;-;2,66;-;-;0,12;-;-;-;-;-;-;-;-;-;-;-;-;-;-;-;-;-;-;-;Песок мелкий однородный;
59514,00;42,00;3,00;4,80;5,00;0,00;0,00;5,00;0,00;0,10;5,90;86,80;(;(;(;7,20;-;2,66;-;-;0,11;-;-;-;-;-;-;-;-;-;-;-;-;-;-;-;-;-;-;-;Песок мелкий однородный;
58322,00;46,00;1,00;0,80;0,90;-;-;5,00;-;-;-;-;-;-;-;-;2,01;2,73;-;-;0,23;0,20;0,38;-;-;-;-;-;-;-;-;-;-;-;-;-;-;-;-;-;Глина легкая полутвердая среднедеформируемый;
58323,00;46,00;3,00;2,80;3,00;0,00;0,00;5,00;0,00;0,10;8,10;84,30;(;(;(;7,50;-;2,66;-;-;0,15;-;-;-;-;-;-;-;-;-;-;-;-;-;-;-;-;-;-;-;Песок мелкий однородный;
58324,00;46,00;3,00;3,80;4,00;0,00;0,00;5,00;3,10;2,90;22,80;56,70;(;(;(;14,50;-;2,66;-;-;0,13;-;-;-;-;-;-;-;-;-;-;-;-;-;-;-;-;-;-;-;Песок мелкий неоднородный;
58325,00;46,00;4,00;6,80;7,00;-;-;5,00;-;-;-;-;-;-;-;-;2,03;2,72;-;-;0,14;0,11;0,24;-;-;-;-;-;-;-;-;-;-;-;-;-;-;-;-;-;Суглинок тяжелый полутвердый ненабухающий;
58326,00;46,00;4,00;8,80;9,00;-;-;5,00;-;-;-;-;-;-;-;-;2,11;2,72;-;-;0,15;0,12;0,26;-;-;-;-;-;-;-;-;-;-;-;-;-;-;-;-;-;Суглинок тяжелый полутвердый;
58328,00;46,00;6,00;12,80;13,00;0,00;0,00;5,00;0,20;1,60;20,10;70,60;(;(;(;7,50;-;2,66;1,49;1,66;0,12;-;-;-;7,53;3,89;-;-;-;-;-;-;-;-;-;-;-;-;33,00;29,00;Песок мелкий однородный;
58333,00;46,00;6,00;22,80;23,00;0,00;0,00;5,00;0,00;0,10;58,90;23,60;(;(;(;17,40;-;2,66;-;-;-;-;-;-;-;-;-;-;-;-;-;-;-;-;-;-;-;-;-;-;Песок средней крупностинеоднородный;
59527,00;48,00;3,00;0,80;1,00;0,00;0,00;5,00;0,20;5,00;23,70;60,10;(;(;(;11,00;-;2,66;-;-;0,13;-;-;-;-;-;-;-;-;-;-;-;-;-;-;-;-;-;-;-;Песок мелкий однородный;
59528,00;48,00;3,00;2,80;3,00;0,00;0,00;5,00;1,90;3,10;22,10;57,40;(;(;(;15,50;-;2,66;-;-;0,12;-;-;-;-;-;-;-;-;-;-;-;-;-;-;-;-;-;-;-;Песок мелкий неоднородный;
59543,00;49,00;3,00;2,80;3,00;0,00;0,00;5,00;0,80;6,20;26,70;52,00;(;(;(;13,30;-;2,66;-;-;0,14;-;-;-;-;-;-;-;-;-;-;-;-;-;-;-;-;-;-;-;Песок мелкий неоднородный;
58234,00;50,00;1,00;0,80;1,00;-;-;5,00;-;-;-;-;-;-;-;-;2,01;2,71;-;-;0,16;0,12;0,21;-;-;-;-;-;-;-;-;-;-;-;-;-;-;-;-;-;Суглинок легкий тугопластичный среднедеформируемый;
58238,00;50,00;6,00;8,80;9,00;0,00;0,00;5,00;0,10;0,70;9,40;86,20;(;(;(;3,10;-;2,66;1,46;1,62;0,05;-;-;-;8,65;4,53;-;-;-;-;-;-;-;-;-;-;-;-;34,00;31,00;Песок мелкий однородный;
58241,00;50,00;7,00;14,80;15,00;0,00;0,00;5,00;0,20;0,40;1,40;66,30;(;(;(;31,70;-;2,66;1,47;1,68;0,05;-;-;-;1,30;0,74;-;-;-;-;-;-;-;-;-;-;-;-;31,00;27,00;Песок пылеватый неоднородный;
58247,00;50,00;7,00;26,80;27,00;0,00;0,00;5,00;0,30;0,50;13,80;50,80;(;(;(;34,00;-;2,66;-;-;0,25;-;-;-;-;-;-;-;-;-;-;-;-;-;-;-;-;-;-;-;Песок пылеватый неоднородный;
57869,00;56,00;1,00;0,80;1,00;-;-;5,00;-;-;-;-;-;-;-;-;1,97;2,73;-;-;0,27;0,22;0,42;-;-;-;-;-;-;-;-;-;-;-;-;-;-;-;-;-;Глина легкая полутвердая среднедеформируемая;
57870,00;56,00;3,00;2,80;3,00;0,00;0,00;5,00;0,20;0,40;2,20;59,80;(;(;(;37,20;1,92;2,67;-;-;0,19;-;-;-;-;-;-;-;-;-;-;-;-;-;-;-;-;-;-;-;Песок пылеватый средней плотности неоднородный средней степени водонасыщения;
57871,00;56,00;5,00;4,80;5,00;-;-;5,00;-;-;-;-;-;-;-;-;2,13;2,70;-;-;0,15;0,12;0,24;-;-;-;-;-;-;-;-;-;-;-;-;-;-;-;-;-;Суглинок легкий полутвердый среднедеформируемый;
57873,00;56,00;6,00;8,80;9,00;0,00;0,00;5,00;0,10;0,20;13,50;79,10;(;(;(;7,00;-;2,66;1,40;1,60;0,08;-;-;-;5,84;3,89;-;-;-;-;-;-;-;-;-;-;-;-;33,00;30,00;Песок мелкий однородный;
57876,00;56,00;7,00;14,80;15,00;0,00;0,00;5,00;0,10;0,20;1,20;66,00;(;(;(;32,40;-;2,67;1,44;1,62;0,05;-;-;-;3,97;1,99;-;-;-;-;-;-;-;-;-;-;-;-;32,00;28,00;Песок пылеватый однородный;
57878,00;56,00;6,00;18,80;19,00;0,00;0,00;5,00;0,00;0,10;15,80;64,00;(;(;(;20,00;1,91;2,66;-;-;0,19;-;-;-;-;-;-;-;-;-;-;-;-;-;-;-;-;-;-;-;Песок мелкий средней плотности однородный средней степени водонасыщения;
57666,00;60,00;2,00;1,80;2,00;-;-;5,00;-;-;-;-;-;-;-;-;1,98;2,74;-;-;0,27;0,20;0,42;-;-;-;-;-;-;-;-;-;-;-;-;-;-;-;-;-;Глина легкая тугопластичная среднедеформируемая незасоленая;
57667,00;60,00;4,00;3,80;4,00;-;-;5,00;-;-;-;-;-;-;-;-;2,12;2,72;-;-;0,13;0,11;0,24;-;-;-;-;-;-;-;-;-;-;-;-;-;-;-;-;-;Суглинок тяжелый полутвердый среднедеформируемый незасоленый;
57669,00;60,00;5,00;7,80;8,00;-;-;5,00;-;-;-;-;-;-;-;-;2,10;2,72;-;-;0,15;0,11;0,25;-;-;-;-;-;-;-;-;-;-;-;-;-;-;-;-;-;Суглинок тяжелый тугопластичный среднедеформируемый;
57670,00;60,00;7,00;9,80;10,00;0,00;0,00;5,00;0,50;6,20;29,10;35,60;(;(;(;28,50;-;2,67;1,42;1,64;0,09;-;-;-;2,16;1,24;-;-;-;-;-;-;-;-;-;-;-;-;33,00;29,00;Песок пылеватый неоднородный;
57672,00;60,00;6,00;13,80;14,00;0,00;0,20;5,00;4,10;23,60;36,70;21,00;(;(;(;13,20;-;2,66;1,43;1,68;0,04;-;-;-;19,86;7,22;-;-;-;-;-;-;-;-;-;-;-;-;33,00;30,00;Песок средней крупностинеоднородный незасоленый;
57673,00;60,00;7,00;15,80;16,00;0,00;0,00;5,00;0,40;1,10;3,70;54,70;(;(;(;40,00;-;2,67;1,45;1,64;0,05;-;-;-;3,89;1,95;0,00;-;-;-;-;-;-;-;-;-;-;-;33,00;29,00;Песок пылеватый однородный;
57674,00;60,00;7,00;17,80;18,00;0,00;0,00;5,00;0,00;0,30;44,60;28,10;(;(;(;26,80;-;2,67;1,42;1,64;0,09;-;-;-;3,06;1,77;-;-;-;-;-;-;-;-;-;-;-;-;-;-;Песок пылеватый неоднородный;
57675,00;60,00;6,00;19,80;20,00;0,00;0,00;5,00;0,10;0,50;18,90;63,10;(;(;(;17,30;-;2,66;-;-;0,18;-;-;-;-;-;-;-;-;-;-;-;-;-;-;-;-;-;-;-;Песок мелкий однородный;
57677,00;60,00;7,00;23,80;24,00;0,00;0,00;5,00;0,00;0,20;6,30;44,60;(;(;(;48,90;-;2,67;-;-;0,05;-;-;-;-;-;-;-;-;-;-;-;-;-;-;-;-;-;-;-;Песок пылеватый неоднородный;
57679,00;60,00;6,00;28,80;29,00;0,00;0,00;5,00;0,30;1,10;8,60;78,20;(;(;(;11,70;-;2,66;-;-;0,27;-;-;-;-;-;-;-;-;-;-;-;-;-;-;-;-;-;-;-;Песок мелкий однородный незасоленый;
57654,00;63,00;4,00;5,80;6,00;-;-;5,00;-;-;-;-;-;-;-;-;2,15;2,72;-;-;0,14;0,11;0,25;-;-;-;-;-;-;-;-;-;-;-;-;-;-;-;-;-;Суглинок тяжелый полутвердый;
57656,00;63,00;6,00;9,80;10,00;0,00;0,00;5,00;0,70;6,70;33,60;41,20;(;(;(;17,60;-;2,66;-;-;0,06;-;-;-;-;-;-;-;-;-;-;-;-;-;-;-;-;-;-;-;Песок мелкий неоднородный;
57657,00;63,00;6,00;11,80;12,00;0,00;0,00;5,00;0,10;3,20;24,50;63,80;(;(;(;8,40;-;2,66;1,40;1,64;0,05;-;-;-;7,12;3,67;-;-;-;-;-;-;-;-;-;-;-;-;33,00;29,00;Песок мелкий однородный;
57659,00;63,00;7,00;15,80;16,00;0,00;0,00;5,00;0,00;0,30;5,00;45,90;(;(;(;48,80;-;2,68;-;-;0,04;-;-;-;-;-;-;-;-;-;-;-;-;-;-;-;-;-;-;-;Песок пылеватый неоднородный;
57660,00;63,00;6,00;17,80;18,00;0,00;0,00;0,00;0,00;0,30;39,90;43,00;(;(;(;16,80;-;2,66;1,41;1,61;0,15;-;-;-;1,32;44,69;0,00;-;-;-;-;-;-;-;-;-;-;-;34,00;-;Песок мелкий неоднородный;
57665,00;63,00;6,00;28,80;29,00;0,00;0,00;5,00;0,60;5,20;21,80;58,70;(;(;(;12,90;-;2,66;1,43;-;0,24;-;-;-;1,95;-;-;-;-;-;-;-;-;-;-;-;-;-;34,00;-;Песок мелкий однородный незасоленый;
58277,00;66,00;1,00;0,80;1,00;-;-;5,00;-;-;-;-;-;-;-;-;2,18;2,71;-;-;0,14;0,14;0,22;-;-;-;-;-;-;-;-;2,20;-;-;-;-;-;-;-;-;Суглинок легкий полутвердый минеральный среднедеформируемый;
58278,00;66,00;5,00;2,80;3,00;-;-;5,00;-;-;-;-;-;-;-;-;2,01;2,72;-;-;0,22;0,17;0,30;-;-;-;-;-;-;-;-;3,06;-;-;-;-;-;-;-;-;Суглинок тяжелый тугопластичный с примесью органического вещества среднедеформируемый;
58279,00;66,00;4,00;4,80;5,00;-;-;5,00;-;-;-;-;-;-;-;-;2,10;2,74;-;-;0,19;0,13;0,37;-;-;-;-;-;-;-;-;3,14;-;-;-;-;-;-;-;-;Глина легкая полутвердая с примесью органического вещества среднедеформируемый;
58280,00;66,00;6,00;6,80;7,00;0,00;0,00;5,00;0,10;1,30;17,20;75,90;(;(;(;5,50;-;2,66;-;-;0,03;-;-;-;-;-;-;-;-;-;-;-;-;-;-;-;-;-;-;-;Песок мелкий однородный;
58282,00;66,00;7,00;10,80;11,00;0,00;0,00;5,00;0,40;1,90;6,30;40,80;(;(;(;50,60;-;2,67;1,32;1,56;0,10;-;-;-;2,98;1,69;-;-;-;-;-;-;-;-;-;-;-;-;44,00;30,00;Песок пылеватый неоднородный;
58284,00;66,00;6,00;14,80;15,00;0,00;0,00;5,00;0,00;0,00;20,90;60,60;(;(;(;18,50;-;2,66;-;-;0,17;-;-;-;-;-;-;-;-;-;-;-;-;-;-;-;-;-;-;-;Песок мелкий неоднородный;
58288,00;66,00;6,00;22,80;23,00;0,90;0,30;5,00;0,10;1,80;9,80;75,10;(;(;(;11,90;-;2,66;-;-;0,23;-;-;-;-;-;-;-;-;-;-;-;-;-;-;-;-;-;-;-;Песок мелкий однородный;
58290,00;66,00;6,00;26,80;27,00;0,00;0,00;5,00;0,10;1,30;7,80;78,60;(;(;(;12,10;-;2,66;-;-;0,25;-;-;-;-;-;-;-;-;-;-;-;-;-;-;-;-;-;-;-;Песок мелкий однородный;
58291,00;66,00;6,00;28,80;29,00;0,00;0,10;5,00;0,10;1,30;7,80;78,80;(;(;(;11,70;-;2,66;-;-;0,24;-;-;-;-;-;-;-;-;-;-;-;-;-;-;-;-;-;-;-;Песок мелкий однородный;
57884,00;70,00;1,00;1,80;2,00;-;-;5,00;-;-;-;-;-;-;-;-;2,06;2,70;-;-;0,17;0,14;0,21;-;-;-;0,50;-;-;-;-;-;-;-;-;-;-;-;-;-;Суглинок мягкопластичный ;
57885,00;70,00;4,00;3,80;4,00;-;-;5,00;-;-;-;-;-;-;-;-;2,13;2,72;-;-;0,14;0,11;0,24;-;-;-;-;-;-;-;-;-;-;-;-;-;-;-;-;-;Суглинок тяжелый полутвердый среднедеформируемый;
57886,00;70,00;4,00;5,80;6,00;-;-;5,00;-;-;-;-;-;-;-;-;2,14;2,72;-;-;0,14;0,12;0,23;-;-;-;-;-;-;-;-;-;-;-;-;-;-;-;-;-;Суглинок легкий полутвердый;
57887,00;70,00;6,00;7,80;8,00;0,00;0,30;7,00;0,90;1,60;10,30;73,80;(;(;(;12,80;-;2,66;1,50;1,67;0,07;-;-;-;6,09;3,29;0,00;-;-;-;-;-;-;-;-;-;-;-;31,00;-;Песок мелкий однородный незасоленый;
57889,00;70,00;6,00;11,80;12,00;0,00;0,00;7,00;0,00;8,80;47,20;40,10;(;(;(;3,90;-;2,66;1,55;1,75;0,04;-;-;-;10,58;5,41;-;-;-;-;-;-;-;-;-;-;-;-;31,00;-;Песок средней крупностиоднородный незасоленый;
57891,00;70,00;7,00;15,80;16,00;0,00;0,00;7,00;0,10;4,80;21,50;37,90;(;(;(;35,60;-;2,67;3,56;1,66;0,07;-;-;-;1,99;1,32;0,00;-;-;-;-;-;-;-;-;-;-;-;35,00;31,00;Песок пылеватый неоднородный;
57892,00;70,00;6,00;17,80;18,00;0,00;0,00;7,00;0,10;0,30;49,60;27,00;(;(;(;23,00;-;2,66;1,38;1,58;0,16;-;-;-;1,30;0,49;-;-;-;-;-;-;-;-;-;-;-;-;44,00;30,00;Песок мелкий неоднородный;
57893,00;70,00;7,00;19,80;20,00;0,00;0,00;0,20;0,00;0,10;4,20;40,90;(;(;(;54,60;-;2,67;1,38;1,60;0,24;-;-;-;0,80;0,34;-;-;-;-;-;-;-;-;-;-;-;-;36,00;30,00;Песок пылеватый однородный;
57897,00;70,00;6,00;28,80;29,00;0,00;0,00;7,00;0,10;1,40;7,50;77,90;(;(;(;13,10;-;2,66;1,34;1,54;0,27;-;-;-;2,92;0,93;-;-;-;-;-;-;-;-;-;-;-;-;34,00;30,00;Песок мелкий однородный;
57898,00;75,00;1,00;1,80;2,00;-;-;7,00;-;-;-;-;-;-;-;-;1,91;2,72;-;-;0,27;0,16;0,31;-;-;-;-;-;-;-;-;-;-;-;-;-;-;-;-;-;Суглинок тяжелый мягкопластичный среднедеформируемый;
57899,00;75,00;4,00;3,80;4,00;-;-;7,00;-;-;-;-;-;-;-;-;2,01;2,71;-;-;0,21;0,14;0,24;-;-;-;-;-;-;-;-;-;-;-;-;-;-;-;-;-;Суглинок легкий мягкопластичный ;
57900,00;75,00;6,00;5,80;6,00;0,00;0,00;7,00;0,00;0,00;0,30;93,50;(;(;(;6,10;-;2,66;1,45;1,62;0,07;-;-;-;7,27;4,06;-;-;-;-;-;-;-;-;-;-;-;-;31,00;28,00;Песок мелкий однородный;
57902,00;75,00;6,00;9,80;10,00;0,00;0,00;7,00;0,00;0,70;20,70;73,50;(;(;(;5,10;-;2,66;1,46;1,65;0,05;-;-;-;6,87;3,89;-;-;-;-;-;-;-;-;-;-;-;-;31,00;28,00;Песок мелкий однородный;
57904,00;75,00;7,00;13,80;14,00;0,00;0,00;7,00;0,00;0,10;0,30;48,50;(;(;(;51,00;-;2,67;-;-;0,04;-;-;-;-;-;-;-;-;-;-;-;-;-;-;-;-;-;-;-;Песок пылеватый однородный;
57906,00;75,00;7,00;17,80;18,00;0,00;0,00;7,00;0,00;0,30;5,90;41,70;(;(;(;51,90;-;2,67;-;-;0,24;-;-;-;-;-;-;-;-;-;-;-;-;-;-;-;-;-;-;-;Песок пылеватый однородный;
57910,00;75,00;6,00;25,80;26,00;0,00;0,00;7,00;0,30;4,20;19,00;62,20;(;(;(;14,30;-;2,66;-;-;0,27;-;-;-;-;-;-;-;-;-;-;-;-;-;-;-;-;-;-;-;Песок мелкий однородный;
57911,00;75,00;6,00;28,80;29,00;0,00;0,00;7,00;0,20;1,30;9,20;69,80;(;(;(;19,30;-;2,66;-;-;0,29;-;-;-;-;-;-;-;-;-;-;-;-;-;-;-;-;-;-;-;Песок мелкий однородный;
57912,00;76,00;2,00;1,80;2,00;-;-;7,00;-;-;-;-;-;-;-;-;2,04;2,74;-;-;0,23;0,20;0,42;-;-;-;-;-;-;-;-;-;-;-;-;-;-;-;-;-;Глина легкая полутвердая среднедеформируемый;
57913,00;76,00;5,00;3,80;4,00;-;-;7,00;-;-;-;-;-;-;-;-;2,04;2,71;-;-;0,19;0,17;0,25;-;-;-;-;-;-;-;-;-;-;-;-;-;-;-;-;-;Суглинок легкий полутвердый среднедеформируемый незасоленый;
57915,00;76,00;6,00;7,80;8,00;0,00;0,00;7,00;0,10;0,80;8,80;81,80;(;(;(;8,50;-;2,66;1,49;1,63;0,04;-;-;-;5,96;2,65;-;-;-;-;-;-;-;-;-;-;-;-;31,00;28,00;Песок мелкий однородный;
57917,00;76,00;6,00;11,80;12,00;0,00;0,00;7,00;0,10;1,50;25,60;64,80;(;(;(;7,90;-;2,66;-;-;0,05;-;-;-;-;-;-;-;-;-;-;-;-;-;-;-;-;-;-;-;Песок мелкий однородный;
57919,00;76,00;7,00;15,80;16,00;0,00;0,00;7,00;0,80;6,80;6,60;31,50;(;(;(;54,30;2,07;2,67;1,28;1,63;0,11;-;-;-;0,93;0,36;-;-;-;-;-;-;-;-;-;-;-;-;44,00;31,00;Песок пылеватый плотный однородный средней степени водонасыщения;
57925,00;76,00;6,00;28,80;29,00;0,00;0,00;7,00;0,00;1,50;7,80;80,70;(;(;(;10,00;-;2,66;-;-;0,25;-;-;-;-;-;-;-;-;-;-;-;-;-;-;-;-;-;-;-;Песок мелкий однородный;
58263,00;79,00;1,00;1,80;2,00;-;-;7,00;-;-;-;-;-;-;-;-;2,09;2,71;-;-;0,20;0,14;0,24;-;-;-;-;-;-;-;-;2,38;-;-;-;-;-;-;-;-;Суглинок легкий мягкопластичный  без органики среднедеформируемый;
58264,00;79,00;4,00;3,80;4,00;0,00;0,00;7,00;0,50;2,10;0,00;31,80;(;(;(;65,30;-;2,66;-;-;0,13;-;-;-;-;-;-;-;-;-;-;-;-;-;-;-;-;-;-;-;Песок пылеватый неоднородный;
58267,00;79,00;7,00;9,80;10,00;0,00;0,00;7,00;0,30;0,70;2,40;69,80;(;(;(;26,80;-;2,66;1,45;1,69;0,05;-;-;-;2,08;1,01;-;-;-;-;-;-;-;-;-;-;-;-;31,00;28,00;Песок пылеватый однородный;
58271,00;79,00;7,00;17,80;18,00;-;-;7,00;-;-;-;-;-;-;-;-;-;2,70;-;-;0,27;0,16;0,20;-;-;-;-;-;-;-;-;-;-;-;-;-;-;-;-;-;Супесь текучая;
58276,00;79,00;6,00;28,80;29,00;0,00;0,70;7,00;0,30;1,50;8,10;74,30;(;(;(;14,30;-;2,66;-;-;0,27;-;-;-;-;-;-;-;-;-;-;-;-;-;-;-;-;-;-;-;Песок мелкий однородный;
57929,00;82,00;4,00;6,80;7,00;-;-;7,00;-;-;-;-;-;-;-;-;2,13;2,71;-;-;0,16;0,14;0,25;-;-;-;-;-;-;-;-;-;-;-;-;-;-;-;-;-;Суглинок легкий полутвердый;
57930,00;82,00;6,00;8,80;9,00;0,00;0,00;7,00;0,00;0,90;4,40;74,20;(;(;(;20,50;1,41;2,66;1,47;1,64;0,04;-;-;-;5,43;3,20;-;-;-;-;-;-;-;-;-;-;-;-;32,00;28,00;Песок мелкий рыхлый неоднородный малой степени водонасыщения;
57931,00;82,00;7,00;10,80;11,00;0,00;0,00;7,00;0,20;1,60;8,30;35,70;(;(;(;54,20;1,55;2,67;1,35;1,58;0,08;-;-;-;1,35;0,85;-;-;-;-;-;-;-;-;-;-;-;-;37,00;30,00;Песок пылеватый рыхлый однородный среднеуплотненный малой степени водонасыщения;
57933,00;82,00;7,00;14,80;15,00;0,00;0,00;7,00;0,00;0,10;1,80;36,00;(;(;(;62,00;-;2,67;-;-;0,29;-;-;-;-;-;-;-;-;-;-;-;-;-;-;-;-;-;-;-;Песок пылеватый однородный;
57934,00;82,00;6,00;16,80;17,00;-;-;7,00;-;-;-;-;-;-;-;-;-;2,68;-;-;0,24;0,16;0,21;-;-;-;-;-;-;-;-;-;-;-;-;-;-;-;-;-;Супесь текучая;
57936,00;82,00;6,00;20,80;21,00;0,00;0,00;7,00;0,30;2,70;22,60;50,20;(;(;(;24,00;-;2,66;1,33;1,49;0,22;-;-;-;1,32;0,28;-;-;-;-;-;-;-;-;-;-;-;-;44,00;31,00;Песок мелкий однородный;
57938,00;82,00;6,00;24,80;25,00;0,00;0,00;7,00;0,20;2,60;17,30;64,30;(;(;(;15,60;-;2,66;-;-;0,30;-;-;-;-;-;-;-;-;-;-;-;-;-;-;-;-;-;-;-;Песок мелкий однородный;
57940,00;82,00;6,00;28,80;29,00;0,00;0,00;7,00;0,00;0,30;1,80;84,80;(;(;(;13,10;-;2,66;1,26;1,48;0,29;-;-;-;3,89;1,35;-;-;-;-;-;-;-;-;-;-;-;-;44,00;30,00;Песок мелкий однородный;
57941,00;85,00;1,00;0,80;1,00;-;-;7,00;-;-;-;-;-;-;-;-;1,98;2,73;-;-;0,21;0,15;0,33;-;-;-;-;-;-;-;-;-;-;-;-;-;-;-;-;-;Глина легкая тугопластичная среднедеформируемый;
57942,00;85,00;2,00;2,80;3,00;-;-;7,00;-;-;-;-;-;-;-;-;1,98;2,72;-;-;0,20;0,16;0,29;-;-;-;-;-;-;-;-;-;-;-;-;-;-;-;-;-;Суглинок тяжелый тугопластичный;
57943,00;85,00;4,00;4,80;5,00;-;-;7,00;-;-;-;-;-;-;-;-;2,02;2,71;-;-;0,19;0,17;0,27;-;-;-;-;-;-;-;-;-;-;-;-;-;-;-;-;-;Суглинок легкий полутвердый;
57944,00;85,00;6,00;6,80;7,00;0,00;0,00;7,00;0,00;0,70;31,60;63,40;(;(;(;4,30;-;2,66;-;-;0,03;-;-;-;-;-;-;-;-;-;-;-;-;-;-;-;-;-;-;-;Песок мелкий однородный;
57946,00;85,00;7,00;10,80;11,00;0,00;0,00;7,00;0,10;0,10;0,30;64,80;(;(;(;34,70;-;2,67;-;-;0,04;-;-;-;-;-;-;-;-;-;-;-;-;-;-;-;-;-;-;-;Песок пылеватый неоднородный;
57952,00;85,00;7,00;22,80;23,00;0,00;0,00;7,00;0,10;0,10;7,80;59,00;(;(;(;32,70;-;2,67;-;-;0,26;-;-;-;-;-;-;-;-;-;-;-;-;-;-;-;-;-;-;-;Песок пылеватый неоднородный;
57955,00;85,00;6,00;28,80;29,00;0,00;0,00;7,00;0,20;0,90;6,10;74,50;(;(;(;18,10;-;2,66;-;-;0,27;-;-;-;-;-;-;-;-;-;-;-;-;-;-;-;-;-;-;-;Песок мелкий однородный;
57959,00;87,00;6,00;7,80;8,00;0,00;0,00;7,00;0,10;0,10;0,30;64,80;(;(;(;34,70;-;2,66;-;-;0,29;-;-;-;-;-;-;-;-;-;-;-;-;-;-;-;-;-;-;-;Песок пылеватый неоднородный;
